10393;1961;1;269.909;262.877;246.468;234.655;221.062;215.485;213.939;216.891;217.529
10393;1961;2;274.046;265.523;248.673;236.74;223.277;218.014;215.213;218.857;217.368
10393;1961;3;273.484;265.289;249.524;237.867;224.067;217.222;213.575;215.92;215.023
10393;1961;4;277.202;268.725;252.364;240.413;224.454;216.185;215.987;219.682;218.359
10393;1961;5;276.239;267.954;251.847;239.817;225.948;220.707;223.695;224.572;222.507
10393;1961;6;281.922;274.245;259.026;247.438;231.663;223.068;218.51;221.589;221.482
10393;1961;7;280.466;272.237;256.944;245.012;229.898;224.823;225.897;226.234;224.295
10393;1961;8;281.573;273.577;258.655;247.408;232.1;224.443;221.272;222.357;222.579
10393;1961;9;284.531;276.425;260.735;249.01;233.29;223.972;217.356;216.225;216.302
10393;1961;10;279.822;272.575;256.828;245.002;229.21;220.337;214.989;214.885;215.321
10393;1961;11;274.573;268.125;252.272;240.369;224.88;217.322;213.937;215.196;214.299
10393;1961;12;269.86;263.422;248.049;236.936;222.593;215.004;212.102;213.299;212.555
10393;1962;1;270.49;262.881;246.872;236.09;222.833;216.097;213.156;214.775;215.556
10393;1962;2;266.763;261.039;245.983;235.066;222.209;216.481;213.907;214.136;214.36
10393;1962;3;266.964;259.366;243.883;233.652;221.575;217.117;219.452;221.264;220.264
10393;1962;4;276.148;266.063;249.054;237.225;224.36;220.231;218.463;221.022;219.354
10393;1962;5;274.808;265.788;250.587;239.142;225.196;220.586;221.143;221.727;220.115
10393;1962;6;278.585;269.9;254.605;243.597;229.447;222.798;219.057;220.7;221.045
10393;1962;7;279.971;270.818;255.65;243.923;229.035;223.216;224.125;224.426;222.854
10393;1962;8;281.215;273.245;258.927;247.567;232.535;224.122;219.876;219.938;219.745
10393;1962;9;279.1;271.275;256.481;245.58;230.474;223.415;219.526;219.171;219.34
10393;1962;10;279.194;272.473;257.115;245.628;230.044;221.025;214.567;212.511;212.14
10393;1962;11;273.063;266.364;250.324;238.692;225.162;218.444;216.418;217.054;214.894
10393;1962;12;268.477;261.47;245.863;234.56;220.98;216.854;216.896;217.346;215.049
10393;1963;1;263.258;257.268;242.546;232.134;220.115;215.916;215.476;217.008;216.762
10393;1963;2;265.649;259.576;243.536;231.889;218.891;214.742;215.702;217.872;218.391
10393;1963;3;271.345;263.287;247.59;235.822;220.62;214.64;214.721;217.564;216.549
10393;1963;4;274.598;266.778;250.352;238.286;222.838;215.505;216.326;219.824;218.96
10393;1963;5;278.147;269.644;253.653;241.722;226.154;218.358;217.368;220.761;220.416
10393;1963;6;281.677;271.937;256.665;244.883;229.64;220.943;218.726;222.38;221.223
10393;1963;7;283.342;274.153;259.573;248.183;232.397;223.432;219.834;222.348;221.72
10393;1963;8;282.506;273.526;258.93;247.887;232.273;223.95;221.181;222.686;222.765
10393;1963;9;281.078;273.035;257.48;246.074;230.217;221.707;216.439;217.764;219.032
10393;1963;10;277.189;270.542;254.542;242.598;227.283;219.099;215.723;216.275;214.863
10393;1963;11;275.897;267.215;250.717;238.781;223.417;216.863;215.358;215.564;213.644
10393;1963;12;269.281;263.035;248.008;236.6;222.67;215.786;213.888;214.818;212.994
10393;1964;1;270.077;264.624;248.462;237.614;223.422;215.792;211.404;212.87;210.517
10393;1964;2;268.772;262.576;246.855;235.036;221.191;214.573;214.708;216.822;214.724
10393;1964;3;268.4;262.378;246.634;235.044;221.523;217.037;218.245;217.512;213.8
10393;1964;4;275.392;266.928;250.295;238.211;222.705;216.856;218.227;220.335;218.48
10393;1964;5;278.577;269.507;253.659;241.764;226.295;218.62;218.576;220.477;219.911
10393;1964;6;283.038;274.191;259.071;247.332;231.599;222.928;217.867;221.116;221.058
10393;1964;7;282.623;273.699;258.787;247.881;232.667;224.904;220.25;221.285;221.668
10393;1964;8;281.888;274.091;258.95;247.382;232.236;223.733;219.498;219.695;220.14
10393;1964;9;280.34;273.159;257.655;246.346;231.009;222.478;216.533;216.222;216.15
10393;1964;10;277.117;268.98;253.014;241.444;226.69;220.139;217.372;217.003;216.184
10393;1964;11;272.995;266.575;251.221;240.145;225.445;218.414;214.326;213.749;211.176
10393;1964;12;270.292;263.396;248.373;237.142;223.401;217.652;215.076;216.074;214.104
10393;1965;1;269.512;261.491;246.233;235.206;221.335;215.604;214.911;215.799;213.362
10393;1965;2;265.072;257.832;243.36;232.74;220.253;215.494;215.51;216.34;215.23
10393;1965;3;269.741;262.694;246.717;234.682;220.175;214.163;213.612;216.054;215.616
10393;1965;4;273.327;264.455;248.332;236.45;221.582;217.033;219.306;221.159;218.95
10393;1965;5;276.085;267.427;252.05;240.166;224.643;217.88;218.319;221.401;220.619
10393;1965;6;280.885;272.365;257.365;245.877;229.94;220.87;218.047;221.042;221.018
10393;1965;7;280.739;271.37;256.87;245.738;230.653;223.916;222.398;223.558;222.415
10393;1965;8;280.752;271.537;257.087;245.495;230.44;222.522;221.303;221.717;220.899
10393;1965;9;281.277;272.965;257.405;245.906;230.623;222.548;217.926;218.438;219.149
10393;1965;10;278.69;271.834;256.235;244.172;228.619;219.566;212.195;212.374;212.569
10393;1965;11;269.713;262.723;247.419;235.993;222.472;217.821;216.585;215.758;213.958
10393;1965;12;269.428;261.55;246.11;234.961;222.546;218.265;216.493;216.674;213.954
10393;1966;1;266.852;260.731;245.934;234.717;221.105;216.251;215.066;216.504;215.13
10393;1966;2;271.439;265.223;249.295;237.227;222.02;214.639;213.584;216.033;214.716
10393;1966;3;269.19;261.264;245.273;233.816;221.382;217.149;216.126;218.697;218.247
10393;1966;4;275.438;267.113;250.798;238.51;223.1;215.711;215.079;218.618;217.326
10393;1966;5;278.697;269.825;254.123;242.071;226.286;219.214;216.544;219.902;219.991
10393;1966;6;282.742;272.82;257.423;245.771;230.426;221.746;218.966;221.836;221.294
10393;1966;7;281.911;272.774;258.311;246.879;231.419;222.787;221.628;224.882;223.533
10393;1966;8;281.73;273.771;258.284;247;231.444;222.705;221.701;222.496;221.984
10393;1966;9;278.824;273.314;258.429;247.236;231.056;221.701;214.65;216.132;216.846
10393;1966;10;279.861;271.534;256.46;244.295;228.622;219.79;213.961;214.887;215.362
10393;1966;11;271.745;264.054;247.542;235.704;222.396;219.269;218.597;217.949;216.455
10393;1966;12;269.198;261.303;245.149;234.083;221.29;216.195;214.352;214.477;211.655
10393;1967;1;268.481;261.034;244.777;233.595;220.883;216.211;214.195;216.456;216.085
10393;1967;2;270.459;262.489;246.785;235.295;221.93;215.117;213.234;215.859;214.499
10393;1967;3;271.786;262.835;245.777;234.06;222.479;218.581;218.607;220.68;219.533
10393;1967;4;272.182;263.403;247.652;236.743;224.26;220.316;221.888;222.294;220.683
10393;1967;5;278.383;269.126;253.567;241.557;226.739;219.692;219.421;222.768;221.934
10393;1967;6;280.068;270.723;255.535;244.042;229.82;222.485;219.119;220.932;220.505
10393;1967;7;284.066;275.165;259.383;247.925;232.473;223.654;218.625;221.067;220.311
10393;1967;8;281.805;273.652;258.371;246.609;231.318;222.486;218.473;222.341;221.968
10393;1967;9;280.815;272.345;257.188;245.483;230.123;221.362;217.904;218.045;218.109
10393;1967;10;279.068;271.45;255.826;244.243;229.738;221.819;215.187;213.919;213.815
10393;1967;11;274.188;267.375;251.761;240.172;225.733;218.34;214.088;214.576;213.159
10393;1967;12;268.828;261.046;245.455;234.663;222.632;219.091;218.323;218.476;216.341
10393;1968;1;266.924;258.844;243.143;232.942;223.142;219.602;217.931;219.353;218.874
10393;1968;2;269.409;261.408;245.177;233.93;220.595;215.2;214.667;216.571;215.605
10393;1968;3;271.166;263.344;247.892;236.404;223.433;217.375;214.666;216.569;216.111
10393;1968;4;274.375;265.667;249.547;237.641;223.73;217.447;215.967;218.49;217.61
10393;1968;5;275.621;267.437;251.648;239.859;226.123;220.506;220.459;222.505;220.585
10393;1968;6;281.908;272.76;257.808;246.132;230.747;222.299;217.996;220.276;220.546
10393;1968;7;281.527;272.047;256.975;245.122;230.245;223.124;223.248;223.54;222.966
10393;1968;8;282.829;273.137;257.952;246.071;230.605;222.169;218.883;222.805;222.747
10393;1968;9;280.43;271.277;255.755;243.478;228.605;220.733;217.631;219.764;219.746
10393;1968;10;277.852;269.974;255.5;243.752;228.919;220.478;214.235;214.513;214.14
10393;1968;11;276.02;268.187;251.945;240.222;225.977;218.626;214.853;215.719;212.463
10393;1968;12;270.925;262.511;245.015;233.372;220.606;216.555;214.777;215.818;214.432
10393;1969;1;271.885;264.303;248.088;236.449;221.672;214.665;211.347;214.13;213.146
10393;1969;2;266.436;258.949;241.946;230.827;219.773;216.177;217.299;218.784;218.198
10393;1969;3;267.613;262.21;246.152;234.541;220.608;214.958;216.288;218.529;217.88
10393;1969;4;272.91;264.515;247.456;236.363;224.436;220.232;218.732;221.546;220.336
10393;1969;5;279.464;270.791;254.451;242.654;227.952;221.389;219.412;221.526;220.975
10393;1969;6;281.073;271.903;256.453;244.351;228.857;221.424;219.014;222.973;222.974
10393;1969;7;283.737;275.606;260.028;248.556;233.741;225.36;219.814;221.443;219.95
10393;1969;8;282.044;272.789;257.369;245.552;230.985;225.145;225.463;224.136;222.329
10393;1969;9;280.33;274.647;259.407;247.316;232.084;222.802;216.415;216.745;217.51
10393;1969;10;279.84;272.213;256.547;244.989;230.012;221.559;214.981;213.651;214.053
10393;1969;11;272.765;264.495;248.739;237.328;224.4;218.579;216.566;217.052;216.098
10393;1969;12;266.961;259.955;245.368;233.898;220.102;215.141;213.627;214.356;212.401
10393;1970;1;269.15;262.724;246.566;235.388;221.619;214.88;213.543;215.824;213.42
10393;1970;2;266.034;257.724;241.193;230.114;219.327;217.657;219.923;220.102;218.734
10393;1970;3;268.2;260.305;243.808;232.62;221.592;218.113;219.797;221.503;219.729
10393;1970;4;271.177;262.831;246.962;235.365;223.553;221.425;222.357;223.268;222.222
10393;1970;5;276.552;267.803;251.54;239.942;227.051;222.037;222.094;223.815;221.892
10393;1970;6;282.125;273.042;257.66;245.661;230.521;222.224;220.388;222.158;222.09
10393;1970;7;281.439;272.634;258.118;246.734;232.084;225.36;223.142;224.8;223.28
10393;1970;8;282.823;274.606;259.383;247.479;232.029;223.492;219.63;222.553;221.578
10393;1970;9;279.563;271.958;257.015;246.19;231.342;222.555;218.299;218.432;218.724
10393;1970;10;277.108;269.471;253.544;242.513;228.597;221.947;215.968;216.547;216.689
10393;1970;11;274.563;267.235;251.317;239.483;225.242;218.416;215.655;216.335;214.12
10393;1970;12;270.047;263.264;247.221;235.424;222.344;217.912;217.162;217.906;215.662
10393;1971;1;272.206;264.053;247.331;235.181;221.312;215.464;213.795;216.18;215.413
10393;1971;2;268.896;261.92;246.148;234.432;220.93;216.48;216.143;218.823;217.09
10393;1971;3;267.409;260.202;244.142;232.554;219.603;215.537;218.273;218.806;216.321
10393;1971;4;273.601;265.67;249.328;236.991;222.437;217.21;217.619;218.863;217.123
10393;1971;5;279.612;270.515;254.19;241.69;225.515;217.631;216.895;219.562;218.143
10393;1971;6;279.464;269.891;254.536;242.436;226.643;220.721;223.084;223.627;221.792
10393;1971;7;282.259;273.992;258.41;246.907;231.46;223.118;221.573;220.994;219.519
10393;1971;8;284.123;275.255;259.301;247.211;231.91;223.235;218.237;218.349;218.519
10393;1971;9;277.016;269.994;254.527;242.877;228.073;221.072;218.086;218.81;218.654
10393;1971;10;276.774;269.942;255.34;243.428;228.353;219.637;213.365;212.137;212.176
10393;1971;11;271.432;264.902;249.943;238.377;223.417;216.695;214.573;214.391;213.22
10393;1971;12;271.948;265.264;249.59;238.031;223.69;216.608;213.35;213.896;212.185
10393;1972;1;268.035;262.119;245.852;234.289;221.03;216.022;216.287;218.454;216.908
10393;1972;2;272.114;264.686;247.943;235.764;221.131;215.478;216.621;219.507;217.584
10393;1972;3;272.603;264.152;246.676;234.566;220.652;215.969;217.033;218.7;217.988
10393;1972;4;272.114;264.151;249.046;238.044;224.006;218.985;219.185;220.398;218.217
10393;1972;5;277.242;267.71;251.814;239.767;224.741;218.138;217.263;219.524;218.528
10393;1972;6;280.205;271.77;256.689;245.138;230.106;222.192;217.875;219.614;220.554
10393;1972;7;284.073;275.52;260.076;248.091;232.598;223.852;219.654;221.904;219.493
10393;1972;8;281.871;273.973;258.923;247.348;231.831;223.268;220.032;221.307;220.48
10393;1972;9;277.1;268.704;252.721;240.618;227.037;221.582;220.459;220.53;219.609
10393;1972;10;275.502;269;253.966;242.248;227.905;220.488;215.591;215.563;214.889
10393;1972;11;272.221;264.627;248.847;238.064;224.56;218.057;213.72;212.817;211.924
10393;1972;12;274.508;267.006;249.835;237.53;222.199;214.981;212.393;214.749;214.148
10393;1973;1;271.23;264.452;248.299;236.729;222.514;215.793;212.718;214.121;212.93
10393;1973;2;268.055;260.593;244.607;233.337;222.17;218.66;219.026;221.503;219.864
10393;1973;3;271.344;263.657;247.767;235.881;221.677;215.076;214.83;218.08;215.251
10393;1973;4;270.108;261.319;245.202;233.824;221.869;218.614;220.011;221.366;220.161
10393;1973;5;277.642;268.604;252.301;240.211;226.168;220.75;221.232;222.928;220.241
10393;1973;6;280.675;272.454;257.188;245.439;230.276;222.329;219.242;221.797;219.726
10393;1973;7;282.56;273.405;257.564;245.589;229.428;222.465;222.348;224.028;222.05
10393;1973;8;283.07;274.957;259.351;247.52;231.41;222.11;217.081;218.955;219.419
10393;1973;9;280.527;272.724;257.452;245.647;229.566;220.872;216.081;216.698;216.516
10393;1973;10;275.215;268.482;252.732;240.897;226.136;219.124;215.773;216.149;215.672
10393;1973;11;270.49;262.141;246.79;235.538;222.897;218.152;214.29;214.12;212.698
10393;1973;12;269.371;261.973;246.333;234.591;221.95;216.177;212.231;213.377;212.209
10393;1974;1;272.765;265.633;248.868;236.398;221.366;214.466;211.677;214.886;214.301
10393;1974;2;271.273;263.288;247.195;235.405;221.012;215.741;215.859;217.706;216.244
10393;1974;3;273.085;264.924;247.684;235.19;221.937;217.545;215.945;216.295;213.361
10393;1974;4;273.382;264.522;248.088;235.888;221.921;216.471;216.129;217.653;216.409
10393;1974;5;276.457;267.3;251.565;239.289;224.013;217.672;219.096;221.121;219.815
10393;1974;6;279.296;269.502;253.382;241.371;227.234;222.586;222.719;223.194;221.522
10393;1974;7;279.769;271.099;256.313;245.089;230.816;224.026;223.479;223.562;221.597
10393;1974;8;283.025;274.366;258.724;246.949;231.484;223.097;218.118;219.316;219.532
10393;1974;9;279.578;271.621;256.122;244.598;229.689;222.064;216.934;217.377;217.068
10393;1974;10;271.711;263.13;247.256;236.07;224.255;222.029;223.601;222.62;220.941
10393;1974;11;272.093;263.784;247.956;236.638;223.559;217.999;216.226;215.957;215.029
10393;1974;12;271.48;263.328;247.599;236.081;223.223;217.633;213.861;214.003;212.332
10393;1975;1;272.144;264.581;248.903;237.239;222.881;216.339;214.118;216.185;214.55
10393;1975;2;271.368;263.474;247.696;235.617;221.058;214.103;213.321;216.11;214.372
10393;1975;3;270.889;262.023;245.185;233.811;220.919;217.584;218.721;218.925;216.219
10393;1975;4;272.147;264.028;248.347;237.016;223.132;219.755;221.069;222.354;219.082
10393;1975;5;277.647;269.136;253.374;241.374;225.853;218.816;218.436;221.544;220.612
10393;1975;6;279.936;271.186;255.657;244.181;229.309;222.581;219.965;221.971;220.519
10393;1975;7;283.746;273.813;258.103;246.665;231.197;222.987;221.717;222.751;220.666
10393;1975;8;284.289;275.553;259.395;247.69;231.611;221.99;216.926;219.235;219.206
10393;1975;9;282.701;273.941;258.185;246.643;231.017;222.387;216.847;216.983;217.201
10393;1975;10;276.826;269.389;253.215;241.147;225.805;219.215;217.086;216.093;215.502
10393;1975;11;271.653;265.075;249.118;237.645;224.013;217.784;216.008;216.26;214.781
10393;1975;12;270.234;264.753;249.725;237.564;222.648;215.201;212.069;213.762;211.325
10393;1976;1;267.208;259.118;244.406;233.5;220.825;216.518;215.455;217.107;216.226
10393;1976;2;270.755;264.238;247.514;235.402;221.71;216.295;214.143;216.327;215.34
10393;1976;3;265.689;258.014;242.703;232.082;221.465;219.337;221.135;220.936;218.609
10393;1976;4;272.57;263.798;247.649;235.688;221.918;216.242;216.574;218.252;217.379
10393;1976;5;277.863;267.979;251.555;239.739;225.315;218.953;217.718;219.527;218.746
10393;1976;6;280.763;272.147;256.177;244.197;228.925;220.98;216.117;217.749;218.705
10393;1976;7;284.127;274.495;258.815;246.673;230.776;222.024;216.305;219.655;219.743
10393;1976;8;280.873;271.307;255.403;243.188;227.476;220.108;219.775;221.486;221.031
10393;1976;9;278.963;270.81;255.558;243.819;227.983;219.345;215.431;217.472;218.03
10393;1976;10;280.09;272.366;255.781;243.608;227.624;218.919;213.702;214.137;213.426
10393;1976;11;272.527;265.062;249.422;237.872;223.257;216.562;214.144;214.443;212.707
10393;1976;12;267.784;259.392;243.307;231.676;219.761;216.219;216.766;217.091;214.987
10393;1977;1;269.352;261.329;245.474;233.575;219.831;214.815;214.438;215.36;213.635
10393;1977;2;269.702;261.146;244.009;232.071;218.857;215.198;218.202;219.65;217.877
10393;1977;3;272.992;265.097;249.072;236.893;221.996;215.451;214.313;216.257;214.213
10393;1977;4;270.482;262.172;247.252;235.638;223.967;220.739;221.604;222.616;220.204
10393;1977;5;277.469;268.777;252.524;240.431;225.247;219.065;219.532;221.184;220.047
10393;1977;6;281.701;271.834;256.525;244.397;228.328;219.672;218.089;221.86;221.109
10393;1977;7;281.132;272.004;257.302;245.601;230.577;223.452;221.777;222.92;222.193
10393;1977;8;282.275;273.147;257.885;246.156;229.934;221.254;219.903;221.959;221.51
10393;1977;9;277.413;270.068;255.49;244.279;229.031;221.393;216.316;217.241;217.561
10393;1977;10;280.155;272.407;256.123;243.895;228.518;220.116;213.533;213.317;213.001
10393;1977;11;272.034;263.393;247.361;236.293;223.092;218.958;217.74;217.439;215.025
10393;1977;12;272.272;265.528;249.473;237.464;222.997;215.944;212.218;214.397;213.388
10393;1978;1;269.902;262.535;245.601;233.75;219.688;213.89;213.068;214.407;213.432
10393;1978;2;267.152;259.709;244.654;233.45;219.966;214.43;215.237;215.743;214.142
10393;1978;3;271.563;262.939;246.495;234.844;222.165;217.502;216.469;218.57;216.189
10393;1978;4;272.962;263.674;247.287;235.579;220.831;216.437;217.8;219.757;218.945
10393;1978;5;277.566;267.708;251.397;239.26;224.276;217.929;218.998;220.607;219.384
10393;1978;6;280.404;270.069;254.101;241.89;227.154;221.975;222.059;222.98;221.381
10393;1978;7;280.629;271.444;255.781;244.068;228.461;223.001;224.132;224.015;222.432
10393;1978;8;280.771;271.611;256.157;244.383;229.47;221.842;220.487;221.752;221.22
10393;1978;9;277.607;270.006;254.794;243.231;229.017;223.168;219.987;218.355;218.039
10393;1978;10;277.816;270.267;255.153;243.424;228.259;220.011;214.772;214.083;213.912
10393;1978;11;276.049;268.663;252.499;240.113;224.666;217.282;211.907;211.255;210.934
10393;1978;12;271.216;264.319;247.368;235.025;220.944;215.995;215.621;215.345;212.703
10393;1979;1;266.165;258.658;242.931;231.643;220.462;216.595;216.001;216.156;214.301
10393;1979;2;268.586;261.979;246.123;234.427;219.621;213.509;215.63;217.826;216.155
10393;1979;3;271.087;262.885;246.376;234.831;221.386;217.723;218.96;220.292;218.536
10393;1979;4;272.763;264.441;247.841;235.421;220.233;214.332;216.263;218.983;219.095
10393;1979;5;278.247;268.79;251.909;240.049;226.309;219.815;216.78;218.802;219.114
10393;1979;6;282.992;273.324;257.427;245.369;229.516;221.332;217.973;219.643;218.857
10393;1979;7;278.599;270.638;255.137;243.392;228.481;221.634;223.588;223.894;222.18
10393;1979;8;281.594;272.465;257.303;245.373;229.902;222.192;220.54;221.655;221.124
10393;1979;9;279.455;272.71;257.972;246.38;230.718;221.952;216.222;215.666;215.822
10393;1979;10;277.83;271.103;254.65;242.46;227.278;219.132;213.723;214.59;214.539
10393;1979;11;272.37;264.978;249.533;238.352;224.595;218.987;216.322;216.344;214.129
10393;1979;12;271.801;263.93;247.45;235.21;222.517;218.298;216.419;216.767;215.003
10393;1980;1;267.257;259.679;243.242;231.823;219.227;215.081;213.965;215.235;213.419
10393;1980;2;271.074;263.543;247.514;235.85;221.466;214.289;210.463;213.902;212.754
10393;1980;3;269.159;261.393;245.212;233.773;219.888;214.427;215.564;217.232;215.742
10393;1980;4;270.901;263.045;246.743;234.988;222.096;218.829;219.758;221.036;218.746
10393;1980;5;274.594;266.826;250.473;238.334;223.263;217.447;220.338;222.097;221.608
10393;1980;6;280.426;270.725;254.703;242.821;228.033;222.434;224.665;224.87;222.521
10393;1980;7;280.901;272.301;256.83;245.092;230.187;223.432;225.257;225.164;223.114
10393;1980;8;281.945;273.588;258.238;246.657;231.214;223.38;220.304;220.244;219.462
10393;1980;9;280.485;273.221;258.053;246.426;230.738;222.532;216.435;216.346;216.748
10393;1980;10;275.308;267.868;252.66;241.508;227.294;220.79;217.411;217.286;215.883
10393;1980;11;270.579;264.165;249.296;238.035;224.063;218.016;215.585;215.929;214.046
10393;1980;12;268.706;261.755;246.359;235.449;222.519;216.625;214.213;215.893;214.76
10393;1981;1;267.155;259.44;243.555;233.177;220.55;214.447;210.719;211.941;210.996
10393;1981;2;267.384;260.591;245.637;234.257;220.909;214.709;214.106;216.295;215.969
10393;1981;3;273.379;265.14;248.571;236.542;222.213;215.985;213.405;216.384;214.926
10393;1981;4;272.69;264.715;248.997;237.495;223.163;217.014;215.559;218.667;218
10393;1981;5;278.704;269.058;252.273;240.39;225.316;218.522;217.56;220.003;219.059
10393;1981;6;280.608;272.25;256.8;245.248;230.294;223.677;219.433;220.495;219.342
10393;1981;7;281.168;272.626;257.819;246.339;230.89;222.878;222.474;222.919;221.245
10393;1981;8;281.877;273.673;257.966;246.373;231.42;223.466;220.097;220.112;219.91
10393;1981;9;280.722;272.772;256.845;245.103;229.771;221.461;216.71;217.297;217.322
10393;1981;10;274.779;266.621;251.778;240.438;226.64;220.838;218.36;218.345;217.523
10393;1981;11;270.985;262.823;247.568;236.808;224.018;218.183;215.019;214.426;212.348
10393;1981;12;266.326;258.851;243.008;231.985;220.38;217.95;218.061;217.809;214.479
10393;1982;1;269.803;261.719;245.702;234.156;220.444;214.755;213.384;214.062;212.931
10393;1982;2;270.786;263.939;247.342;235.454;220.814;215.361;215.979;218.883;218.185
10393;1982;3;271.555;262.747;245.876;234.414;221.623;217.351;217.421;220.349;218.969
10393;1982;4;270.758;262.134;247.088;236.157;223.669;219.576;219.033;219.883;217.783
10393;1982;5;277.477;268.923;252.58;240.773;226.117;218.338;215.203;219.036;219.889
10393;1982;6;280.883;271.868;255.502;243.542;228.623;222.062;219.542;221.468;221.232
10393;1982;7;282.971;274.625;259.077;247.197;231.627;222.835;218.228;221.182;220.368
10393;1982;8;282.753;273.505;258.418;247.042;231.659;222.732;217.352;219.337;219.721
10393;1982;9;282.745;275.067;258.572;246.683;231.043;221.969;215.29;215.725;216.157
10393;1982;10;278.34;270.702;254.763;243.079;227.818;220.782;216.473;214.958;213.782
10393;1982;11;275.32;267.798;251.795;240.163;225.017;216.774;212.252;213.604;212.28
10393;1982;12;270.868;263.179;247.732;236.294;222.685;217.026;213.69;214.466;212.755
10393;1983;1;270.961;263.381;247.555;236.521;222.716;215.99;212.049;213.425;211.778
10393;1983;2;266.601;259.919;243.637;231.912;218.633;213.333;211.66;213.163;210.755
10393;1983;3;270.929;262.751;247.543;236.192;221.977;214.86;212.542;214.119;212.512
10393;1983;4;274.837;265.792;249.122;237.318;223.52;217.703;217.235;219.519;218.059
10393;1983;5;278.268;269.108;252.826;240.868;226.019;219.518;219.898;222.231;220.309
10393;1983;6;280.937;272.378;256.552;244.988;229.007;221.108;216.474;219.183;219.083
10393;1983;7;284.744;276.06;260.102;248.515;232.891;223.608;217.528;219.771;218.741
10393;1983;8;283.653;275.618;259.753;247.855;232.1;223.668;218.242;218.932;218.382
10393;1983;9;280.493;272.43;257.248;245.735;230.423;222.715;217.983;217.16;216.497
10393;1983;10;276.295;268.7;254.095;243.152;228.539;220.653;214.352;213.197;213.348
10393;1983;11;272.193;265.578;250.352;238.785;224.273;216.799;212.654;212.414;210.117
10393;1983;12;271.373;263.865;248.239;237.192;222.895;215.606;212.207;213.586;212.697
10393;1984;1;268.127;259.345;243.81;233.232;221.797;218.198;218.354;219.29;217.541
10393;1984;2;267.686;259.972;243.741;232.654;220.532;216.334;215.597;216.127;212.504
10393;1984;3;267.806;261.211;245.108;233.418;219.863;214.738;216.22;218.167;217.138
10393;1984;4;272.598;264.608;248.497;236.745;222.032;216.082;215.973;217.273;216.648
10393;1984;5;277.582;268.368;251.868;239.739;224.39;218.85;220.877;221.968;219.673
10393;1984;6;277.908;269.771;254.055;242.502;227.912;222.352;221.595;222.194;220.684
10393;1984;7;280.155;272.249;256.051;244.369;229.828;223.797;223.953;222.945;221.08
10393;1984;8;282.571;274.273;258.631;246.837;230.806;221.237;215.955;218.417;218.724
10393;1984;9;278.117;270.287;254.588;242.785;228.178;221.7;220.328;220.799;218.894
10393;1984;10;277.518;270.097;254.765;243.287;227.676;219.781;214.354;214.012;214.387
10393;1984;11;276.972;269.405;252.345;240.365;225.165;217.117;212.343;212.967;212.256
10393;1984;12;271.105;264.358;248.406;237.047;223.348;217.873;216.124;216.484;214.134
10393;1985;1;264.605;256.281;240.673;230.248;219.406;215.993;216.53;216.618;214.666
10393;1985;2;264.468;257.779;243.818;233.223;220.452;215.283;214.689;215.84;214.723
10393;1985;3;270.284;262.273;245.518;233.546;219.687;215.645;217.778;219.019;216.281
10393;1985;4;273.24;264.26;248.071;236.347;224.24;220.738;220.266;221.222;218.078
10393;1985;5;279.896;269.975;253.391;241.358;226.807;220.088;219.242;220.863;219.168
10393;1985;6;278.201;269.074;253.412;241.867;227.526;222.502;223.127;224.108;221.57
10393;1985;7;281.46;273.372;258.292;246.582;231.297;223.122;220.109;220.707;219.535
10393;1985;8;282.005;273.985;258.64;247.435;232.194;223.935;220.143;220.3;219.42
10393;1985;9;279.28;271.885;257.062;245.81;231.037;222.722;217.043;216.163;216.308
10393;1985;10;278.744;271.894;256.327;244.476;228.523;219.806;213.055;212.416;212.031
10393;1985;11;267.985;260.862;245.193;234.383;223.005;219.925;219.54;218.287;215.627
10393;1985;12;272.316;264.429;248.708;237.577;223.245;216.03;211.471;212.787;213.019
10393;1986;1;266.889;258.966;242.927;231.724;219.921;216.858;217.667;218.428;216.259
10393;1986;2;262.841;256.861;241.221;230.487;218.546;214.616;214.763;215.664;214.476
10393;1986;3;271.164;263.067;246.948;235.661;222.747;217.215;216.391;216.987;214.506
10393;1986;4;273.512;264.603;248.425;236.628;222.388;217.521;218.35;220.581;219.973
10393;1986;5;279.537;271.148;254.652;242.79;227.514;218.877;212.561;215.358;216.208
10393;1986;6;280.565;272.527;257.355;245.332;230.026;223.084;218.677;219.879;218.666
10393;1986;7;281.713;273.009;257.366;245.757;231.131;223.951;220.252;220.742;220.192
10393;1986;8;281.505;273.2;258.349;246.596;230.968;222.629;217.89;219.855;219.479
10393;1986;9;276.848;270.503;256.389;245.106;229.898;221.328;215.655;216.446;216.812
10393;1986;10;278.063;271.008;255.152;243.735;228.89;220.875;214.931;214.174;213.825
10393;1986;11;274.892;267.229;252.257;240.555;225.593;217.709;212.712;214.07;214.222
10393;1986;12;270.279;262.306;246.602;235.327;221.855;216.002;213.217;213.765;212.69
10393;1987;1;264.806;257.913;243.847;233.321;220.279;214.479;211.874;211.785;208.605
10393;1987;2;269.784;262.964;247.65;236.134;221.169;214.519;213.488;216.486;213.963
10393;1987;3;265.794;258.605;242.821;231.7;220.144;216.94;218.372;219.579;218.648
10393;1987;4;274.593;267.175;251.193;239.55;223.992;216.025;213.242;215.659;214.741
10393;1987;5;275.861;267.208;251.348;239.882;225.513;219.488;219.812;221.598;220.69
10393;1987;6;279.31;270.62;254.887;243.245;228.212;222.358;223.097;224.061;222.473
10393;1987;7;281.912;273.89;258.51;247.245;232.338;225.164;220.919;222.563;221.159
10393;1987;8;280.729;272.402;256.855;245.476;231.037;224.536;222.019;222.384;221.669
10393;1987;9;280.625;272.17;257.122;245.865;231.097;223.029;217.428;217.818;217.824
10393;1987;10;278.069;270.903;254.815;243.397;229.052;222.116;218.15;217.114;215.809
10393;1987;11;272.805;265.628;248.903;236.828;222.858;217.978;217.401;217.017;213.823
10393;1987;12;271.59;264.994;249.34;237.543;222.741;215.785;213.079;214.749;212.528
10393;1988;1;273.124;264.829;247.987;235.884;221.576;216.102;215.242;217.112;215.55
10393;1988;2;269.467;260.704;243.762;232.571;221.124;217.578;216.689;217.37;215.82
10393;1988;3;268.768;260.151;243.878;232.836;220.991;218.004;218.306;218.861;216.186
10393;1988;4;273.073;264.888;249.4;237.678;223.393;217.804;218.335;220.662;219.28
10393;1988;5;279.368;270.482;254.273;241.865;226.076;218.223;217.265;220.143;219.192
10393;1988;6;280.917;271.85;256.435;244.737;229.044;221.753;221.393;223.438;221.452
10393;1988;7;282.781;273.59;258.506;247.195;232.202;224.745;222.85;223.378;221.877
10393;1988;8;282.418;273.989;259.11;247.656;232.765;224.739;220.403;221.431;220.82
10393;1988;9;279.129;271.985;256.391;245.369;230.792;223.343;219.477;219.314;218.383
10393;1988;10;277.853;270.942;255.136;243.535;228.757;220.957;215.85;215.169;214.323
10393;1988;11;270.782;263.827;248.988;237.962;223.453;216.449;212.201;213.385;211.276
10393;1988;12;270.335;263.868;248.945;237.306;222.806;216.368;214.724;216.483;215.623
10393;1989;1;273.387;266.652;250.536;238.503;223.925;216.328;210.86;212.676;213.136
10393;1989;2;272.701;264.811;248.136;236.276;222.488;217.244;217.431;218.957;218.637
10393;1989;3;273.168;265.213;249.035;237.255;223.15;217.898;218.26;219.179;216.574
10393;1989;4;274.605;265.768;249.933;237.708;222.838;218.538;219.76;221.234;219.123
10393;1989;5;278.66;270.241;253.637;241.518;226.012;217.85;215.62;218.17;217.869
10393;1989;6;280.183;270.85;255.138;243.315;227.848;221.112;221.202;222.56;220.725
10393;1989;7;282.435;273.902;258.261;246.6;231.46;223.595;221.955;222.377;220.5
10393;1989;8;282.456;273.91;258.476;246.887;231.721;223.972;220.821;220.549;219.742
10393;1989;9;281.367;273.52;258.257;246.672;231.053;222.362;217.11;216.953;216.125
10393;1989;10;278.179;270.308;254.84;243.15;228.489;221.239;215.984;213.957;213.484
10393;1989;11;272.853;265.142;249.713;238.165;223.65;216.833;213.62;214.705;212.235
10393;1989;12;273.376;266.527;250.292;238.808;223.266;215.333;210.822;213.69;212.917
10393;1990;1;271.223;264.462;249.052;237.531;223.168;215.417;210.853;213.917;212.433
10393;1990;2;274.288;265.334;248.839;237.036;224.721;218.982;215.921;217.18;213.465
10393;1990;3;273.25;265.991;249.283;237.573;223.84;217.214;214.665;217.3;215.289
10393;1990;4;272.888;263.862;247.389;235.803;222.399;219.266;220.623;221.348;218.946
10393;1990;5;278.483;268.62;252.261;240.065;225.124;218.143;216.763;219.661;218.227
10393;1990;6;280.923;271.748;256.687;245.157;229.713;221.577;219.557;221.943;220.689
10393;1990;7;281.221;273.26;258.069;246.436;231.603;223.864;222.633;222.854;220.857
10393;1990;8;284.044;274.595;258.968;247.626;232.066;223.352;217.279;218.866;219.678
10393;1990;9;276.842;268.727;254.08;242.678;228.105;221.762;219.802;219.779;218.751
10393;1990;10;279.766;272.471;256.374;244.518;229.495;221.159;215.317;214.739;214.64
10393;1990;11;272.337;264.965;248.438;236.9;223.37;217.547;215.95;216.93;215.333
10393;1990;12;269.303;263.193;247.887;236.65;223.304;217.675;214.979;214.327;213.228
10393;1991;1;270.172;263.947;248.095;236.855;221.896;214.253;209.441;212.573;213.29
10393;1991;2;266.141;259.755;244.457;233.414;221.263;216.263;214.595;215.976;214.912
10393;1991;3;274.156;266.94;251.069;239.16;224.279;216.27;212.116;216.198;215.48
10393;1991;4;272.478;262.74;246.47;235.246;221.794;218.638;219.305;221.198;219.787
10393;1991;5;273.861;265.813;250.815;239.153;225.011;221.134;222.16;222.916;221.363
10393;1991;6;278.33;269.857;254.593;243.57;229.853;223.97;223.39;223.803;222.603
10393;1991;7;283.854;275.33;260.322;248.671;233.236;224.977;220.24;221.136;219.864
10393;1991;8;283.174;274.767;259.807;248.403;233.111;224.21;217.523;219.813;220.233
10393;1991;9;280.324;273.773;258.725;246.952;231.584;222.502;215.721;215.941;216.496
10393;1991;10;276.126;269.116;253.569;241.927;227.076;221.415;218.944;217.753;217.056
10393;1991;11;273.6;266.25;250.688;239.322;224.867;217.888;213.884;214.158;213.275
10393;1991;12;270.665;263.748;248.734;237.811;223.64;216.676;212.916;214.556;212.811
10393;1992;1;272.01;265.848;249.921;237.947;222.74;214.457;208.991;209.307;206.967
10393;1992;2;271.05;263.141;247.349;236.103;222.283;215.363;212.414;215.264;213.742
10393;1992;3;270.87;262.438;246.305;235.982;222.993;218.018;216.495;218.786;216.628
10393;1992;4;272.353;264.081;248.17;236.734;223.302;218.116;219.971;220.957;220.257
10393;1992;5;278.197;270.469;253.749;241.175;225.683;217.689;214.758;217.285;217.258
10393;1992;6;282.57;272.524;256.878;244.514;228.687;220.014;216.065;219.296;219.702
10393;1992;7;283.364;274.841;259.334;247.95;232.382;223.033;216.377;218.839;219.393
10393;1992;8;284.721;275.897;260.216;248.576;233.001;223.874;217.753;217.73;218.301
10393;1992;9;279.575;272.194;256.143;243.849;229.042;221.223;216.821;217.96;218.352
10393;1992;10;272.819;265.537;249.412;238.167;224.724;219.408;218.464;217.831;216.109
10393;1992;11;271.948;264.479;248.689;237.661;224.412;218.788;215.585;215.492;213.382
10393;1992;12;272.67;265.643;249.867;237.75;223.423;216.84;215.613;216.553;213.978
10393;1993;1;270.348;263.161;247.205;236.55;222.763;215.84;211.96;213.811;212.063
10393;1993;2;270.948;264.361;247.143;235.732;221.589;214.736;210.239;211.382;209.996
10393;1993;3;269.293;261.571;246.14;235.431;223.113;217.838;216.977;217.416;215.201
10393;1993;4;275.787;266.055;249.17;236.653;221.877;215.397;214.827;217.067;215.386
10393;1993;5;280.87;270.727;253.737;241.225;225.138;216.952;215.284;218.428;217.77
10393;1993;6;279.4;271.158;255.693;243.827;228.833;221.317;218.443;220.102;219.409
10393;1993;7;280.466;272.076;256.367;244.718;229.528;223.569;222.488;223.06;221.017
10393;1993;8;1E+020;1E+020;1E+020;1E+020;1E+020;1E+020;1E+020;1E+020;1E+020
10393;1993;9;278.897;270.96;255.053;242.97;227.485;220.617;219.022;218.888;217.27
10393;1993;10;277.094;269.382;253.616;241.595;226.029;217.805;215.092;215.724;213.853
10393;1993;11;270.632;264.288;248.18;236.753;223.2;217.983;216.28;216.083;214.04
10393;1993;12;270.033;262.537;246.173;234.727;221.02;216.463;214.52;214.025;211.634
10393;1994;1;270.008;262.19;245.486;233.929;220.337;215.193;213.095;213.987;212.348
10393;1994;2;267.605;260.136;244.468;234.15;222.525;217.714;217.45;219.479;218.15
10393;1994;3;271.06;263.166;247.369;236.215;222.473;216.376;213.811;214.95;212.288
10393;1994;4;273.457;264.873;248.37;236.693;222.67;217.653;218.863;220.537;219.773
10393;1994;5;277.202;268.745;252.834;240.811;225.595;218.585;217.692;219.434;218.698
10393;1994;6;280.178;272.252;257.102;245.547;230.447;222.591;218.143;219.557;219.356
10393;1994;7;286.391;275.919;260.243;247.986;232.038;222.589;217.801;219.787;218.353
10393;1994;8;282.744;273.621;258.256;246.331;230.908;222.802;219.166;220.695;219.492
10393;1994;9;279.905;271.984;256.575;244.986;229.652;221.736;217.948;218.482;218.754
10393;1994;10;275.579;268.581;252.789;241.411;227.256;220.282;215.49;215.692;213.794
10393;1994;11;274.977;268.303;252.527;240.793;225.643;217.337;212.67;213.257;211.95
10393;1994;12;272.137;264.465;248.995;237.492;223.15;216.25;212.844;214.821;213.449
10393;1995;1;268.789;261.031;244.592;233.266;220.905;216.085;213.805;214.237;211.34
10393;1995;2;270.777;262.554;246.564;235.471;222.386;216.868;216.786;218.343;216.282
10393;1995;3;268.544;259.682;243.469;232.718;221.079;217.647;218.324;219.124;217.408
10393;1995;4;273.355;264.843;249.324;237.755;223.401;216.779;215.819;218.886;217.924
10393;1995;5;276.845;268.459;252.533;240.408;224.897;216.923;216.534;219.428;218.707
10393;1995;6;279.668;271.342;255.857;243.87;228.747;222.51;221.003;221.903;219.477
10393;1995;7;284.804;276.748;260.837;248.849;232.838;223.288;215.783;217.724;217.486
10393;1995;8;283.14;273.83;258.541;246.66;230.758;222.754;217.992;218.899;218.561
10393;1995;9;278.835;270.05;254.973;243.247;228.077;220.903;218.583;219.617;218.663
10393;1995;10;280.695;273.566;257.466;245.402;229.492;220.127;212.178;210.453;211.073
10393;1995;11;272.405;264.848;248.903;237.163;223.5;216.96;213.467;214.047;212.511
10393;1995;12;267.731;261.602;245.56;234.592;221.256;214.969;211.663;211.934;210.311
10393;1996;1;270.913;264.774;247.908;236.131;221.676;214.985;213.163;215.066;213.46
10393;1996;2;266.831;259.533;243.171;231.184;218.319;213.943;214.071;215.084;213.105
10393;1996;3;267.35;260.089;244.227;233.376;220.86;215.973;216.127;216.127;213.847
10393;1996;4;274.405;265.31;248.783;236.418;221.634;214.384;212.109;214.114;212.083
10393;1996;5;278.221;269.51;253.448;241.514;226.08;218.757;217.474;220.177;219.652
10393;1996;6;280.34;272.088;256.337;244.415;228.865;221.517;219.21;219.803;218.491
10393;1996;7;280.163;271.228;256.293;245.05;229.63;222.853;222.807;222.44;221.057
10393;1996;8;282.557;273.045;257.202;245.334;229.389;221.961;220.808;220.997;219.58
10393;1996;9;275.988;268.573;253.113;241.177;226.57;220.823;220.197;219.62;218.167
10393;1996;10;277.21;270.04;254.605;242.885;227.405;219.495;215.063;214.769;213.795
10393;1996;11;272.52;264.302;248.077;236.33;222.85;217.933;216.537;215.767;213.057
10393;1996;12;268.981;262.673;247.44;235.747;222.292;215.808;213.46;214.302;211.645
10393;1997;1;271.303;265.75;248.085;236.027;221.118;214.105;210.769;213.927;212.45
10393;1997;2;270.382;262.736;246.85;235.139;221.339;215.246;213.814;216.956;215.733
10393;1997;3;270.876;263.858;248.431;236.911;222.595;216.711;215.319;217.846;216.357
10393;1997;4;269.895;261.857;246.457;235.147;222.17;217.357;217.357;218.15;215.99
10393;1997;5;277.589;267.817;251.465;239.5;225.16;218.992;217.291;219.563;217.722
10393;1997;6;280.453;271.097;255.127;243.233;227.9;221.4;221.3;222.217;220.933
10393;1997;7;282.06;272.355;257.158;245.376;229.34;221.034;220.923;223.258;221.099
10393;1997;8;284.597;274.807;259.498;247.251;231.897;223.125;218.139;218.268;218.007
10393;1997;9;280.025;272.855;257.52;246.207;230.847;222.057;214.383;213.898;214.284
10393;1997;10;273.944;265.873;251.353;240.244;226.676;220.969;219.024;217.491;215.519
10393;1997;11;273.265;267.469;251.001;238.886;223.76;216.778;214.487;215.295;213.714
10393;1997;12;271.681;264.102;247.611;235.831;221.424;214.473;212.263;212.573;210.079
10393;1998;1;270.869;263.509;246.902;234.969;220.612;214.525;211.62;213.075;211.483
10393;1998;2;273.767;266.225;250.089;238.272;222.999;215.013;208.856;211.105;210.798
10393;1998;3;268.772;261.044;245.836;235.023;222.365;216.652;214.187;215.932;215.611
10393;1998;4;275.454;266.176;249.05;236.81;221.857;218.014;217.743;220.417;219.335
10393;1998;5;278.856;269.306;253.144;241.189;225.363;217.669;216.698;220.518;219.805
10393;1998;6;281.493;272.19;256.69;244.83;229.47;222.95;221.8;222.983;220.847
10393;1998;7;280.731;272.119;256.947;245.724;231.066;223.937;224.873;224.76;222.183
10393;1998;8;281.292;273.053;257.534;246.24;231.56;224.731;220.605;221.434;220.773
10393;1998;9;280.28;272.528;257.223;245.45;230.06;222.127;217.957;219.103;217.99
10393;1998;10;275.247;267.812;251.977;240.503;226.54;220.58;218.14;217.743;215.973
10393;1998;11;269.44;261.743;245.803;234.727;221.897;217.393;216.467;215.997;213.5
10393;1998;12;270.25;263.305;247.502;236.366;223.153;217.376;213.512;214.017;212.497
10393;1999;1;271.111;263.24;247.198;235.379;222.079;216.679;214.282;215.75;214.189
10393;1999;2;267.645;259.466;242.15;231.014;219.461;215.918;215.118;215.693;213.607
10393;1999;3;272.463;263.585;246.998;234.895;220.266;214.673;214.285;216.618;215.885
10393;1999;4;274.318;265.977;249.157;237.127;222.8;218.2;218.197;219.963;216.87
10393;1999;5;277.532;269.876;253.476;241.207;226.234;219.148;216.052;218.709;216.847
10393;1999;6;279.543;271.487;256.3;244.597;229.727;222.113;220.58;222.423;219.29
10393;1999;7;283.621;274.521;259.111;247.678;232.071;223.905;221.143;220.682;219.227
10393;1999;8;281.753;272.905;257.085;245.637;230.215;222.134;221.473;221.434;220.402
10393;1999;9;283.47;274.455;258.407;246.297;230.937;222.217;216.64;215.973;215.71
10393;1999;10;275.79;268.844;252.895;241.447;227.64;221.173;216.753;216.343;214.851
10393;1999;11;272.259;265.341;249.171;237.319;224.002;217.847;214.347;213.933;211.788
10393;1999;12;269.004;260.305;244.324;233.156;221.354;217.87;217.166;216.4;213.78
10393;2000;1;268.519;262.247;247.327;235.876;221.176;214.024;210.689;212.485;211.563
10393;2000;2;269.491;261.742;246.132;234.887;221.389;216.004;215.27;216.85;215.434
10393;2000;3;270.548;262.627;246.735;234.739;220.608;214.966;214.488;215.477;213.283
10393;2000;4;276.872;267.585;250.348;237.947;223.299;217.011;216.108;219.063;218.151
10393;2000;5;280.131;270.205;253.747;241.427;226.489;219.276;215.698;218.011;216.56
10393;2000;6;280.904;272.115;256.45;245.076;230.165;223.792;219.566;220.386;217.868
10393;2000;7;279.956;271.435;256.047;244.095;228.337;221.931;226.16;225.421;222.673
10393;2000;8;282.437;274.013;258.356;246.677;231.079;222.623;220.984;219.553;218.22
10393;2000;9;280.519;273.003;257.298;245.419;229.633;221.447;216.491;216.398;216.095
10393;2000;10;279.743;271.877;255.57;243.833;228.227;219.573;214.517;213.99;213.1
10393;2000;11;274.932;266.793;249.883;237.96;222.963;216.137;213.837;214.327;212.24
10393;2000;12;272.859;264.387;247.733;235.935;222.202;216.507;214.381;216.135;214.803
10393;2001;1;269.81;262.147;245.592;233.75;220.744;215.805;215.55;216.344;213.731
10393;2001;2;269.161;261.007;244.429;233.375;221.146;216.111;214.018;215.632;213.15
10393;2001;3;270.25;263.039;246.606;234.871;221.213;216.637;218.287;219.594;217.569
10393;2001;4;272.19;263.657;247.22;235.403;222.217;218.463;220.013;221.347;219.28
10393;2001;5;279.606;270.889;254.743;242.607;226.483;217.988;214.526;218.642;217.395
10393;2001;6;278.595;269.75;253.843;242.287;227.517;221.403;222.08;223.337;220.797
10393;2001;7;283.486;274.622;259.248;247.621;231.785;223.01;220.077;221.732;220.228
10393;2001;8;284.159;275.031;259.764;248.46;232.935;223.868;217.885;218.683;218.334
10393;2001;9;277.553;268.893;253.113;241.073;226.07;222.157;222.35;222.027;220.307
10393;2001;10;280.723;272.865;256.653;244.934;229.115;219.889;213.105;213.424;213.537
10393;2001;11;270.653;264.197;249.467;238.23;223.903;217.773;214.827;214.133;211.61
10393;2001;12;267.963;260.789;244.595;233.576;220.808;215.731;213.431;214.389;211.911
10393;2002;1;271.855;264.269;248.298;236.566;222.04;214.847;210.918;212.402;210.982
10393;2002;2;271.625;263.087;246.721;235.118;222.229;217.832;217.079;217.425;215.479
10393;2002;3;271.567;263.668;247.601;235.982;222.456;216.951;217.204;219.238;217.296
10393;2002;4;272.93;264.983;248.6;236.717;222.563;217.507;218.54;220.36;219.383
10393;2002;5;280.795;271.397;255.266;242.898;226.927;218.489;215.085;219.34;217.495
10393;2002;6;281.323;272.785;256.88;245.4;230.127;221.76;219.073;219.93;219.05
10393;2002;7;283.392;274.845;260.076;248.769;232.76;223.976;220.089;221.421;219.676
10393;2002;8;285.773;275.582;259.747;248.102;231.747;221.831;216.534;219.356;219.05
10393;2002;9;278.697;271.068;255.267;243.553;228.463;220.57;215.873;217.58;217.573
10393;2002;10;273.918;266.885;250.998;239.429;225.779;219.659;217.756;217.651;215.853
10393;2002;11;274.346;267.01;250.887;238.915;224.099;216.989;216.036;217.276;215.449
10393;2002;12;270.637;264.076;248.45;236.724;221.611;214.089;210.927;212.818;211.156
10393;2003;1;268.656;261.463;245.676;234.195;220.885;215.295;213.56;215.869;214.387
10393;2003;2;269.407;261.671;244.504;233.593;219.636;213.114;211.893;215.704;214.386
10393;2003;3;271.937;264.453;248.466;236.673;221.998;214.531;210.721;212.615;212.137
10393;2003;4;272.358;263.84;247.523;235.997;223.737;218.63;218.283;220.05;218.24
10393;2003;5;279.542;270.435;253.653;241.663;226.74;219.311;215.695;218.947;218.46
10393;2003;6;282.657;273.853;258.637;247.037;231.367;222.403;215.963;217.86;217.98
10393;2003;7;282.963;273.95;259.027;247.179;231.163;223.276;221.556;222.153;220.411
10393;2003;8;284.118;275.908;260.005;248.495;232.747;223.315;216.637;218.405;218.124
10393;2003;9;280.229;272.481;256.65;244.745;229.928;222.006;216.873;216.087;216.061
10393;2003;10;272.776;265.826;250.392;238.905;224.86;219.576;219.54;218.505;216.118
10393;2003;11;277.102;269.518;252.767;240.63;225.213;217.313;213.4;214.257;212.98
10393;2003;12;272.598;264.882;248.766;237.102;223.15;216.05;211.74;212.653;210.318
10393;2004;1;266.178;258.936;243.494;232.342;219.48;214.686;213.631;213.397;210.22
10393;2004;2;268.805;261.26;245.929;234.764;221.395;215.971;213.553;215.027;213.68
10393;2004;3;269.656;263.076;247.115;235.015;221.108;216.192;216.021;218.511;217.366
10393;2004;4;274.292;265.673;248.783;236.58;222.697;216.857;217.23;219.817;217.713
10393;2004;5;276.247;267.398;251.392;239.498;224.663;218.969;219.815;222.405;220.915
10393;2004;6;279.3;270.025;254.68;242.99;228.237;222.463;221.637;222.34;220.657
10393;2004;7;281.39;272.792;257.204;245.43;230.916;224.433;222.657;223.825;221.627
10393;2004;8;283.66;273.95;258.647;246.615;231.131;222.876;219.885;221.131;220.654
10393;2004;9;279.804;272.72;257.087;245.114;230.698;223.519;217.928;216.581;216.872
10393;2004;10;277.553;270.073;254.024;242.276;227.173;219.36;215.524;215.04;213.992
10393;2004;11;272.456;264.824;248.587;237.596;224.587;218.396;214.425;214.191;211.847
10393;2004;12;272.361;265.003;248.872;237.276;223.576;216.739;212.193;213.577;212.877
10393;2005;1;269.002;260.969;244.679;234.034;221.547;216.085;213.221;213.592;211.87
10393;2005;2;266.059;258.607;242.564;230.996;218.279;213.584;213.384;214.132;211.563
10393;2005;3;268.95;261.698;245.534;233.708;219.582;213.263;210.76;212.134;210.118
10393;2005;4;274.645;265.787;249.843;238.123;223.143;216.037;214.853;218.37;216.82
10393;2005;5;277.792;268.709;252.198;240.198;226.43;220.276;218.507;220.07;218.745
10393;2005;6;279.927;271.797;256.097;244.317;229.857;222.513;218.183;219.25;218.937
10393;2005;7;283.031;273.51;258.415;246.715;230.885;222.002;220.831;222.344;220.585
10393;2005;8;281.294;273.292;257.968;246.075;230.652;222.962;220.071;221.085;219.788
10393;2005;9;281.872;274.103;258.147;246.153;230.517;221.823;216.083;216.266;215.364
10393;2005;10;280.326;273.068;256.885;244.521;228.652;219.573;213.365;213.044;211.387
10393;2005;11;272.662;264.568;248.117;236.753;223.9;218.767;216.27;215.297;212.56
10393;2005;12;268.523;260.989;244.46;233.044;220.36;216.482;215.698;216.456;213.679
10393;2006;1;271.07;263.84;246.91;234.598;220.238;213.702;209.679;211.44;208.691
10393;2006;2;267.529;260.172;244.003;232.483;219.747;216.757;217.637;218.287;215.955
10393;2006;3;267.911;260.58;243.702;232.431;220.179;216.403;218.132;218.985;215.847
10393;2006;4;272.927;263.53;247.647;236.243;222.047;217.027;219.356;220.762;219.18
10393;2006;5;277.4;267.439;250.827;239.008;224.834;219.518;219.669;221.111;219.76
10393;2006;6;281;272.477;256.38;244.833;229.63;222.023;218.443;221;220.067
10393;2006;7;286.256;277.303;261.35;249.256;233.101;223.36;215.691;219.409;218.468
10393;2006;8;281.203;271.463;255.857;243.55;228.137;223.79;225.62;225.848;223.686
10393;2006;9;283.537;275.25;258.697;246.937;231.34;222.09;215.903;216.041;216
10393;2006;10;280.456;272.255;255.459;243.855;228.116;219.49;214.151;214.346;212.862
10393;2006;11;275.504;266.749;250.716;239.416;225.629;218.369;213.352;213.524;212.888
10393;2006;12;274.637;266.979;250.479;238.747;223.837;215.71;209.662;210.253;209.367
10393;2007;1;270.702;262.974;247.378;236.075;222.018;215.623;213.555;214.72;211.975
10393;2007;2;270.968;263.073;247.429;235.954;221.368;214.982;212.193;214.64;213.963
10393;2007;3;272.426;264.715;247.934;236.447;221.873;215.733;213.634;216.475;216.882
10393;2007;4;276.128;268.88;251.977;239.837;224.194;215.571;210.551;214.331;214.474
10393;2007;5;279.717;270.582;254.268;242.315;226.988;219.564;216.426;219.33;217.47
10393;2007;6;282.74;272.943;257.103;244.883;229.023;221.627;218.453;221.2;219.5
10393;2007;7;282.344;273.166;257.377;245.784;230.619;224.202;223;223.544;220.813
10393;2007;8;282.403;274.286;259.186;247.912;232.164;223.649;220.136;220.547;218.611
10393;2007;9;278.707;271.22;255.523;243.697;228.92;221.067;218.28;218.847;217.81
10393;2007;10;275.928;269.582;253.387;241.793;227.39;220.227;216.267;214.927;212.89
10393;2007;11;271.465;264.055;247.84;236.783;224.23;218.517;215.95;215.593;212.523
10393;2007;12;272.762;264.971;248.212;236.298;222.292;215.532;211.827;212.81;211.22
10393;2008;1;271.909;263.59;247.28;235.91;221.71;215.19;213.683;215.246;212.615
10393;2008;2;271.337;264.397;248.097;236.303;221.288;213.966;210.087;211.8;209.036
10393;2008;3;269.195;260.201;243.075;232.395;223.484;221.139;221.181;221.616;219.042
10393;2008;4;273.117;264.773;247.937;236.023;221.923;217.167;219.253;219.913;218.427
10393;2008;5;279.245;270.13;253.352;240.871;225.148;217.057;214.121;217.171;217.34
10393;2008;6;281.387;271.803;256.119;244.294;228.813;221.303;219.037;220.253;218.869
10393;2008;7;282.598;273.558;258.021;245.982;230.331;223.182;220.224;222.555;220.358
10393;2008;8;282.453;274.024;259.027;247.521;232.037;223.444;219.566;220.06;219.656
10393;2008;9;277.047;270.27;255.537;243.93;228.595;220.902;217.314;216.977;216.459
10393;2008;10;276.537;269.954;254.771;243.253;228.404;220.462;215.145;213.902;212.673
10393;2008;11;273.993;266.083;249.72;237.947;223.909;216.978;212.954;213.864;212.567
10393;2008;12;270.82;264.314;248.176;235.921;221.365;215.161;212.349;214.614;212.621
10393;2009;1;268.473;261.704;246.036;234.402;220.305;215.905;217.757;218.931;216.955
10393;2009;2;267.714;260.034;244.586;233.346;220.426;219.326;221.282;221.761;219.648
10393;2009;3;269.548;261.925;246.121;234.669;221.405;216.44;217.047;218.74;216.737
10393;2009;4;279.003;269.422;251.37;238.626;223.157;214.848;211.46;216.312;215.371
10393;2009;5;277.695;268.999;253.216;241.468;226.134;218.154;215.65;218.612;218.293
10393;2009;6;279.433;270.446;255.264;243.744;228.959;221.871;219.021;222.179;220.899
10393;2009;7;282.721;273.476;257.939;246.332;230.951;223.057;220.998;222.175;220.3
10393;2009;8;283.362;275.052;259.938;248.1;232.322;222.996;216.482;218.67;217.884
10393;2009;9;281.031;273.284;257.718;245.545;229.962;221.418;216.461;215.603;215.499
10393;2009;10;274.189;268.069;253.361;241.757;227.225;219.841;216.343;217.464;216.055
10393;2009;11;275.262;267.334;250.664;238.798;224.789;219.106;216.071;215.128;212.969
10393;2009;12;268.221;261.305;245.044;233.687;220.661;216.111;216.514;216.83;214.674
10393;2010;1;265.713;259.618;243.482;232.157;218.705;213.964;213.48;214.367;211.606
10393;2010;2;268.178;261.207;244.439;233.02;218.927;213.387;214.833;216.38;214.693
10393;2010;3;269.792;261.524;245.077;233.899;221.108;216.11;215.709;217.61;216.737
10393;2010;4;273.329;264.622;248.116;236.395;222.005;216.813;215.812;217.305;215.852
10393;2010;5;276.197;269.112;253.198;240.987;225.248;217.936;220.089;222.644;220.733
10393;2010;6;281.016;273.971;258.757;246.915;231.004;222.229;217.826;220.186;220.187
10393;2010;7;285.067;275.916;260.418;249.548;233.894;224.942;220.17;220.483;219.847
10393;2010;8;282.574;273.466;258.169;246.801;231.66;223.734;223.05;222.912;221.078
10393;2010;9;278.293;270.58;255.397;243.732;228.734;222.046;221.796;220.67;218.887
10393;2010;10;276.596;268.911;252.543;241.185;226.488;219.658;216.728;216.216;215.072
10393;2010;11;272.343;265.042;248.735;236.913;223.074;218.76;217.822;218.221;215.838
10393;2010;12;265.531;258.555;243.355;232.883;221.343;217.538;216.984;217.162;215.008
10393;2011;1;269.432;262.302;245.864;234.096;220.547;214.879;214.087;215.975;214.312
10393;2011;2;269.235;262.362;246.613;235.514;221.202;215.312;213.738;216.143;215.675
10393;2011;3;272.088;265.1;248.969;236.912;221.777;214.256;211.373;214.848;214.556
10393;2011;4;276.489;267.892;251.796;239.401;224.23;217.033;214.709;215.731;213.474
10393;2011;5;277.987;269.215;252.955;241.202;225.997;218.229;215.327;217.375;217.094
10393;2011;6;281.79;272.765;257.302;245.62;230.275;221.999;218.649;220.948;218.97
10393;2011;7;281.815;273.619;258.949;247.247;231.343;223.459;222.935;223.392;220.991
10393;2011;8;283.138;274.367;259.162;247.648;232.091;223.028;220.133;220.528;218.806
10393;2011;9;281.298;273.844;258.875;247.311;231.866;222.569;216.078;215.741;215.847
10393;2011;10;277.41;270.113;254.628;243.064;228.012;219.821;214.499;213.933;213.106
10393;2011;11;278.315;271.357;254.18;242.058;226.222;217.579;210.488;211.052;210.856
10393;2011;12;270.532;262.321;245.839;234.285;221.676;216.843;214.227;214.416;212.503
10393;2012;1;268.513;260.46;244.141;232.921;219.907;214.18;211.33;212.045;208.594
10393;2012;2;265.075;258.411;243.703;233.115;220.281;214.79;212.571;213.613;211.532
10393;2012;3;274.379;266.527;249.866;237.727;222.416;214.588;211.071;214.244;212.121
10393;2012;4;274.183;264.817;248.826;237.239;223.549;219.762;220.33;221.78;219.549
10393;2012;5;279.082;270.227;254.125;241.948;226.559;219.087;217.612;220.358;219.172
10393;2012;6;280.147;271.643;256.131;244.689;229.5;222.322;222.447;223.485;220.038
10393;2012;7;282.798;273.923;258.171;246.713;231.281;223.97;223.382;222.78;220.524
10393;2012;8;283.467;274.309;258.757;247.343;231.644;222.864;219.387;220.255;219.368
10393;2012;9;279.589;272.538;257.542;246.119;230.886;222.275;217.37;217.366;216.403
10393;2012;10;276.856;268.894;254.178;242.202;226.816;219.028;216.242;216.225;214.494
10393;2012;11;274.748;267.923;251.674;240.117;225.512;218.174;213.71;215.595;213.928
10393;2012;12;269.051;259.964;243.696;232.153;220.012;216.1;214.071;213.539;210.509
10393;2013;1;267.688;261.765;245.978;234.473;220.898;217.118;216.725;218.388;216.557
10393;2013;2;266.589;259.286;241.988;230.56;219.266;216.806;216.835;216.274;213.678
10393;2013;3;266.392;260.601;245.727;234.202;219.874;214.174;215.038;217.578;216.339
10393;2013;4;273.378;266.316;251.293;238.906;224.071;216.635;215.284;218.494;217.838
10393;2013;5;278.234;269.763;253.366;241.285;226.621;220.909;222.83;224.524;221.393
10393;2013;6;281.368;272.597;257.171;245.296;229.365;221.553;220.71;222.775;220.772
10393;2013;7;283.929;275.539;259.71;247.783;231.839;222.698;219.548;220.798;219.392
10393;2013;8;282.795;273.92;258.406;247.054;231.511;222.96;219.573;221.223;219.59
10393;2013;9;278.429;271.673;256.431;244.802;229.703;222.577;218.375;217.831;216.62
10393;2013;10;278.545;270.878;254.518;242.609;227.588;219.942;215.55;215.255;213.172
10393;2013;11;273.134;266.253;251.139;239.527;225.191;218.834;215.388;214.858;213.674
10393;2013;12;274.301;266.233;250.159;238.523;223.981;216.153;211.163;213.095;212.058
10393;2014;1;271.442;263.849;247.387;235.348;220.058;213.09;212.923;215.722;214.755
10393;2014;2;272.669;264.011;247.18;235.173;221.49;215.595;214.954;217.538;216.366
10393;2014;3;274.688;266.138;249.23;236.879;222.659;216.595;213.881;216.075;214.574
10393;2014;4;276.292;267.051;250.433;238.412;223.663;217.519;218.534;220.269;218.202
10393;2014;5;277.479;269.075;252.589;240.57;225.409;219.778;218.345;220.189;218.888
10393;2014;6;280.08;271.283;255.11;243.34;227.953;220.597;219.476;220.862;220.948
10393;2014;7;284.884;274.654;259.177;247.385;231.647;223.418;218.486;220.677;220.4
10393;2014;8;281.017;271.659;255.91;244.486;229.222;222.145;220.616;222.422;221.405
10393;2014;9;281.906;272.89;257.356;245.569;230.196;222.211;217.255;217.052;215.531
10393;2014;10;279.895;271.636;255.634;243.657;227.869;219.422;213.621;213.387;211.809
